DisplayName,SecondsLong,Index,Duration,LastPlayed
str8buttah,12,1,fullLength,2/28/2020 10:11:31 AM
SurlyDev,15,1,fullLength,3/26/2020 10:37:14 AM
wil_bennett,13,1,fullLength,1/9/2020 10:49:19 AM
wil_bennett,12,2,fullLength,1/7/2020 12:42:05 PM
TheHugoDahl,10,1,fullLength,3/4/2020 3:23:34 PM
theMichaelJolley,12,1,fullLength,11/28/2019 10:26:03 AM
baldbeardedbuilder,12,1,fullLength,3/27/2020 10:34:52 AM
legendairymoooo,20,1,fullLength,12/4/2019 10:10:13 AM
sxPositive,16,1,fullLength,3/27/2020 10:32:28 AM
sxPositive,30,2,fullLength,3/25/2020 10:10:24 AM
CodeBaseAlpha,17,1,fullLength,3/27/2020 10:36:09 AM
Brendoneus,25,1,fullLength,11/27/2019 10:35:20 AM
csharpfritz,20,1,fullLength,3/12/2020 10:24:33 AM
CopperBeardy,20,1,fullLength,3/25/2020 11:17:07 AM
codeman_codes,34,1,fullLength,1/1/0001 12:00:00 AM
codeman_codes,11,2,fullLength,1/1/0001 12:00:00 AM
JTsom,17,1,fullLength,3/27/2020 11:22:58 AM
phrakberg,25,1,fullLength,3/24/2020 10:19:27 AM
TehPudding,18,1,fullLength,3/27/2020 11:22:21 AM
PyroKatt,35,1,fullLength,2/26/2020 11:05:52 AM
Groversaurus,12,1,fullLength,3/26/2020 10:38:30 AM
Janisku7,24,1,fullLength,3/26/2020 10:33:25 AM
CodingGorilla,19,1,fullLength,3/19/2020 10:29:16 AM
WickedBlueNinja,24,1,fullLength,3/5/2020 10:02:49 AM
